number,file_name,webp_name,archetype,section,width,height,is_og_image,status,alt
001,code-blue-acls-dialysis-og.png,code-blue-acls-dialysis-og.webp,OG / Social Share Card,Social share card (og:image),1200,630,true,pending,Code Blue & ACLS in the Dialysis Unit social share card — bold title with a photoreal vignette of a dialysis nurse starting CPR on a patient still in the dialysis chair beside a crash-cart defibrillator
002,code-blue-dialysis-unit-hero.png,code-blue-dialysis-unit-hero.webp,Photorealistic Editorial Hero,Hero / Overview (inline LCP),1792,1024,false,pending,"A Filipino dialysis patient in cardiac arrest still connected to the hemodialysis machine while one nurse gives chest compressions, another stops ultrafiltration at the machine, and a crash cart with defibrillator is wheeled in"
003,code-blue-unit-readiness-infographic.png,code-blue-unit-readiness-infographic.webp,Multi-panel Educational,Unit Readiness,1792,1024,false,pending,"Four-pillar readiness infographic — checked crash cart, pre-assigned roles, mock codes and certification, and low-potassium dialysate ready for emergency dialysis"
004,code-blue-first-5-minutes-algorithm.png,code-blue-first-5-minutes-algorithm.webp,Clinical Algorithm,First 5 Minutes,1024,1536,false,pending,"Flowchart of the first five minutes of a dialysis code — parallel CPR and circuit lanes: stop ultrafiltration, saline bolus, return blood or clamp and keep access, then attach defibrillator and shock if VF/pVT"
005,code-blue-acls-cycle-wheel.png,code-blue-acls-cycle-wheel.webp,Circular Workflow,ACLS Algorithm,1024,1024,false,pending,"Circular ACLS two-minute cycle — CPR, rhythm and pulse check, shock if shockable, give drug and swap compressor, reassess reversible causes including hyperkalemia"
006,code-blue-hyperkalemia-bundle.png,code-blue-hyperkalemia-bundle.webp,Pathophysiology Mechanism Poster,Hyperkalemic Arrest,1792,1024,false,pending,"Hyperkalemic arrest treatment flow — stabilize with calcium, shift with insulin plus dextrose and salbutamol, remove with emergency dialysis against a low-potassium bath; calcium and bicarbonate must not share a line"
007,code-blue-team-roles-positions.png,code-blue-team-roles-positions.webp,Multi-panel Educational,Team Roles,1792,1024,false,pending,"Overhead diagram of code team positions around a dialysis chair — team leader, two compressors, airway, medication/circuit nurse, recorder/timer, and runner, with closed-loop communication"
008,code-blue-reversible-causes-hs-ts.png,code-blue-reversible-causes-hs-ts.webp,Compact Reference Card,Reversible Causes,1536,1152,false,pending,"Reference card of reversible cardiac-arrest causes in dialysis — the H's and T's, flagging hyperkalemia, hypovolemia, and air embolism as high-yield"
009,code-blue-defib-safety-figure.png,code-blue-defib-safety-figure.webp,Compact Reference Card,First 5 Minutes (single figure),1536,1152,false,pending,"Safety figure on defibrillating around the dialysis machine — pads clear of the access site, nobody touching the patient, bloodlines, or metal frame at shock, resume compressions immediately"
